code,country,latitude,longitude,start_rate,end_rate,start_unserved,end_unserved,start_population,end_population,population_change,served_change,delta_rate,delta_unserved,population_effect,access_effect,paradox
COD,"Congo, Dem. Rep.",-4.325,15.3222,13.0,22.5,59649843.06,84689105.375,68563038,109276265,40713227,15673964.685000002,9.5,25039262.314999998,33486629.2075,-8447366.8925,True
NER,Niger,13.514,2.1073,13.6,21.3,14298193.44,21274508.244000003,16548835,27032412,10483577,3507262.1959999967,7.700000000000001,6976314.804000003,8654192.8135,-1677878.0095000004,True
TCD,Chad,12.1048,15.0445,6.4,13.4,11524570.2,17579040.518,12312575,20299123,7986548,1932077.682,7.0,6054470.318,7195879.748000001,-1141409.4300000002,True
MWI,Malawi,-13.9899,33.7703,8.7,15.6,13536560.719,18277061.384,14826463,21655286,6828823,2088322.335000001,6.9,4740500.664999999,5999121.0055,-1258620.3405000002,True
MOZ,Mozambique,-25.9664,32.5713,18.9,36.9,18652379.585,21852644.346,22999235,34631766,11632531,8432266.239,18.0,3200264.761,8387054.851000001,-5186790.09,True
SOM,"Somalia, Fed. Rep.",2.07515,45.3254,52.3,54.4,5848857.612,8668172.855999999,12261756,19009151,6747395,3928079.756000001,2.1000000000000014,2819315.243999999,3147659.7675,-328344.52350000024,True
BDI,Burundi,-3.3784,29.3639,5.3,20.1,8879492.468,11224181.013999999,9376444,14047786,4671342,2326653.454000002,14.8,2344688.545999998,4078081.566,-1733393.0200000003,True
AGO,Angola,-8.81155,13.242,35.0,55.5,15141636.25,16859202.805,23294825,37885849,14591024,12873457.445,20.5,1717566.5549999997,7988585.64,-6271019.085,True
SSD,South Sudan,4.85,31.6,1.5,5.4,9599763.705,11298463.968,9745953,11943408,2197455,498754.73699999973,3.9000000000000004,1698700.2630000003,2121642.8025,-422942.5395000001,True
BFA,Burkina Faso,12.3605,-1.53395,13.1,34.0,14057376.762,15542195.459999999,16176498,23548781,7372283,5887464.302000001,20.9,1484818.697999999,5636110.353499999,-4151291.6555,True
SYR,Syrian Arab Republic,33.5146,36.3119,92.7,89.3,1641216.732999999,2639985.32,22482421,24672760,2190339,1191570.4129999988,-3.4000000000000057,998768.5870000008,197130.50999999992,801638.0770000013,False
MLI,Mali,13.5667,-7.50034,27.0,49.5,11639994.54,12361690.475,15945198,24478595,8533397,7811701.0649999995,22.5,721695.9350000005,5269372.647499999,-4547676.7125,True
NGA,Nigeria,9.05804,7.48906,48.0,62.5,86654300.72,87254804.25,166642886,232679478,66036592,65436088.47,14.5,600503.5300000012,29551374.92,-28950871.389999997,True
LBY,Libya,32.8578,13.1072,81.9,77.4,1176108.8589999997,1668111.1979999999,6497839,7381023,883184,391181.6609999994,-4.5,492002.33900000015,179727.9439999999,312274.39499999996,False
CAF,Central African Republic,5.63056,21.6407,9.8,18.2,4052681.49,4360504.42,4492995,5330690,837695,529872.0700000003,8.399999999999999,307822.9299999997,720417.7,-412594.76999999996,True
COG,"Congo, Rep.",-4.2767,15.2662,40.0,53.0,2677374.0,2976491.67,4462290,6332961,1870671,1571553.33,13.0,299117.6699999999,1000808.9849999999,-701691.3150000001,True
GNQ,Equatorial Guinea,3.7523,8.7741,66.1,65.1,403099.8150000001,660488.0840000001,1189085,1892516,703431,446042.7309999999,-1.0,257388.26900000003,241980.26400000005,15408.005000000001,False
MRT,Mauritania,18.2367,-15.9824,34.2,52.2,2231254.9699999997,2470970.81,3390965,5169395,1778430,1538714.1599999997,18.0,239715.84000000032,1010148.2399999999,-770432.4,True
ARG,Argentina,-34.6118,-58.4173,98.8,98.4,495464.32800000045,731138.5439999956,41288694,45696159,4407465,4171790.7840000093,-0.3999999999999915,235674.21599999513,61704.51000000005,173969.7059999963,False
CHL,Chile,-33.475,-70.6475,99.5,99.0,85907.32000000008,197647.71000000017,17181464,19764771,2583307,2471566.6099999994,-0.5,111740.39000000009,19374.802499999874,92365.58750000001,False
NAM,Namibia,-22.5648,17.0931,44.4,59.3,1173054.9160000002,1233263.317,2109811,3030131,920320,860111.5990000002,14.899999999999999,60208.40099999984,443134.08,-382925.679,True
CUW,Curacao,,,100.0,100.0,0.0,0.0,148703,155967,7264,7264.0,0.0,0.0,0.0,-0.0,False
SGP,Singapore,1.28941,103.85,100.0,100.0,0.0,0.0,5076732,6036860,960128,960128.0,0.0,0.0,0.0,-0.0,False
BHS,"Bahamas, The",25.0661,-77.339,100.0,100.0,0.0,0.0,367478,401283,33805,33805.0,0.0,0.0,0.0,-0.0,False
SVK,Slovak Republic,48.1484,17.1073,100.0,100.0,0.0,0.0,5391428,5422069,30641,30641.0,0.0,0.0,0.0,-0.0,False
TTO,Trinidad and Tobago,10.6596,-61.4789,100.0,100.0,0.0,0.0,1317714,1368333,50619,50619.0,0.0,0.0,0.0,-0.0,False
CYM,Cayman Islands,19.3022,-81.3857,100.0,100.0,0.0,0.0,54099,74457,20358,20358.0,0.0,0.0,0.0,-0.0,False
LUX,Luxembourg,49.61,6.1296,100.0,100.0,0.0,0.0,506953,677012,170059,170059.0,0.0,0.0,0.0,-0.0,False
IRL,Ireland,53.3441,-6.26749,100.0,100.0,0.0,0.0,4560155,5395790,835635,835635.0,0.0,0.0,0.0,-0.0,False
GRL,Greenland,64.1836,-51.7214,100.0,100.0,0.0,0.0,56534,56836,302,302.0,0.0,0.0,0.0,-0.0,False
HKG,"Hong Kong SAR, China",22.3964,114.109,100.0,100.0,0.0,0.0,7024200,7524100,499900,499900.0,0.0,0.0,0.0,-0.0,False
KAZ,Kazakhstan,51.1879,71.4382,100.0,100.0,0.0,0.0,16836810,20592571,3755761,3755761.0,0.0,0.0,0.0,-0.0,False
NCL,New Caledonia,-22.2677,166.464,100.0,100.0,0.0,0.0,261582,292639,31057,31057.0,0.0,0.0,0.0,-0.0,False
FRA,France,48.8566,2.35097,100.0,100.0,0.0,0.0,65026211,68551653,3525442,3525442.0,0.0,0.0,0.0,-0.0,False
POL,Poland,52.26,21.02,100.0,100.0,0.0,0.0,38042794,36559233,-1483561,-1483561.0,0.0,0.0,-0.0,-0.0,False
BMU,Bermuda,32.3293,-64.706,100.0,100.0,0.0,0.0,63725,64636,911,911.0,0.0,0.0,0.0,-0.0,False
GBR,United Kingdom,51.5002,-0.126236,100.0,100.0,0.0,0.0,62766365,69281000,6514635,6514635.0,0.0,0.0,0.0,-0.0,False
DNK,Denmark,55.6763,12.5681,100.0,100.0,0.0,0.0,5547683,5976992,429309,429309.0,0.0,0.0,0.0,-0.0,False
NOR,Norway,59.9138,10.7387,100.0,100.0,0.0,0.0,4889252,5572279,683027,683027.0,0.0,0.0,0.0,-0.0,False
CHI,Channel Islands,,,100.0,100.0,0.0,0.0,158621,168126,9505,9505.0,0.0,0.0,0.0,-0.0,False
EST,Estonia,59.4392,24.7586,100.0,100.0,0.0,0.0,1331475,1372341,40866,40866.0,0.0,0.0,0.0,-0.0,False
OMN,Oman,23.6105,58.5874,100.0,100.0,0.0,0.0,2757446,5281538,2524092,2524092.0,0.0,0.0,0.0,-0.0,False
SVN,Slovenia,46.0546,14.5044,100.0,100.0,0.0,0.0,2048583,2127400,78817,78817.0,0.0,0.0,0.0,-0.0,False
UKR,Ukraine,50.4536,30.5038,100.0,100.0,0.0,0.0,46456003,37860221,-8595782,-8595782.0,0.0,0.0,-0.0,-0.0,False
HUN,Hungary,47.4984,19.0408,100.0,100.0,0.0,0.0,10000023,9562065,-437958,-437958.0,0.0,0.0,-0.0,-0.0,False
CZE,Czechia,50.0878,14.4205,100.0,100.0,0.0,0.0,10474410,10905028,430618,430618.0,0.0,0.0,0.0,-0.0,False
PRI,Puerto Rico (US),18.23,-66.0,100.0,100.0,0.0,0.0,3724465,3202521,-521944,-521944.0,0.0,0.0,-0.0,-0.0,False
FRO,Faroe Islands,61.8926,-6.91181,100.0,100.0,0.0,0.0,48656,54640,5984,5984.0,0.0,0.0,0.0,-0.0,False
PRT,Portugal,38.7072,-9.13552,100.0,100.0,0.0,0.0,10573100,10694681,121581,121581.0,0.0,0.0,0.0,-0.0,False
TKM,Turkmenistan,37.9509,58.3794,100.0,100.0,0.0,0.0,5564356,7494498,1930142,1930142.0,0.0,0.0,0.0,-0.0,False
ARE,United Arab Emirates,24.4764,54.3705,100.0,100.0,0.0,0.0,6869838,10986400,4116562,4116562.0,0.0,0.0,0.0,-0.0,False
AUT,Austria,48.2201,16.3798,100.0,100.0,0.0,0.0,8363404,9177982,814578,814578.0,0.0,0.0,0.0,-0.0,False
MLT,Malta,35.9042,14.5189,100.0,100.0,0.0,0.0,414508,568847,154339,154339.0,0.0,0.0,0.0,-0.0,False
KWT,Kuwait,29.3721,47.9824,100.0,100.0,0.0,0.0,2943372,4897263,1953891,1953891.0,0.0,0.0,0.0,-0.0,False
TUR,Turkiye,39.7153,32.3606,100.0,100.0,0.0,0.0,73142150,85518661,12376511,12376511.0,0.0,0.0,0.0,-0.0,False
KOR,"Korea, Rep.",37.5323,126.957,100.0,100.0,0.0,0.0,49554112,51751065,2196953,2196953.0,0.0,0.0,0.0,-0.0,False
NLD,Netherlands,52.3738,4.89095,100.0,100.0,0.0,0.0,16615394,17993485,1378091,1378091.0,0.0,0.0,0.0,-0.0,False
JPN,Japan,35.67,139.77,100.0,100.0,0.0,0.0,128070000,123975371,-4094629,-4094629.0,0.0,0.0,-0.0,-0.0,False
BEL,Belgium,50.8371,4.36761,100.0,100.0,0.0,0.0,10895586,11858610,963024,963024.0,0.0,0.0,0.0,-0.0,False
ISL,Iceland,64.1353,-21.8952,100.0,100.0,0.0,0.0,318041,386506,68465,68465.0,0.0,0.0,0.0,-0.0,False
SXM,Sint Maarten (Dutch part),,,100.0,100.0,0.0,0.0,33794,43350,9556,9556.0,0.0,0.0,0.0,-0.0,False
GRC,Greece,37.9792,23.7166,100.0,100.0,0.0,0.0,11121341,10405134,-716207,-716207.0,0.0,0.0,-0.0,-0.0,False
IMN,Isle of Man,54.1509,-4.47928,100.0,100.0,0.0,0.0,83873,84160,287,287.0,0.0,0.0,0.0,-0.0,False
FIN,Finland,60.1608,24.9525,100.0,100.0,0.0,0.0,5363352,5619911,256559,256559.0,0.0,0.0,0.0,-0.0,False
MAF,St. Martin (French part),,,100.0,100.0,0.0,0.0,36856,26129,-10727,-10727.0,0.0,0.0,-0.0,-0.0,False
AUS,Australia,-35.282,149.129,100.0,100.0,0.0,0.0,22031750,27194286,5162536,5162536.0,0.0,0.0,0.0,-0.0,False
NZL,New Zealand,-41.2865,174.776,100.0,100.0,0.0,0.0,4350700,5290000,939300,939300.0,0.0,0.0,0.0,-0.0,False
HRV,Croatia,45.8069,15.9614,100.0,100.0,0.0,0.0,4295427,3866200,-429227,-429227.0,0.0,0.0,-0.0,-0.0,False
TCA,Turks and Caicos Islands,21.4602778,-71.141389,100.0,100.0,0.0,0.0,29739,46535,16796,16796.0,0.0,0.0,0.0,-0.0,False
SMR,San Marino,43.9322,12.4486,100.0,100.0,0.0,0.0,33270,33977,707,707.0,0.0,0.0,0.0,-0.0,False
CAN,Canada,45.4215,-75.6919,100.0,100.0,0.0,0.0,34005902,41262329,7256427,7256427.0,0.0,0.0,0.0,-0.0,False
LIE,Liechtenstein,47.1411,9.52148,100.0,100.0,0.0,0.0,36022,40450,4428,4428.0,0.0,0.0,0.0,-0.0,False
VIR,Virgin Islands (U.S.),18.3358,-64.8963,100.0,100.0,0.0,0.0,108357,104377,-3980,-3980.0,0.0,0.0,-0.0,-0.0,False
ESP,Spain,40.4167,-3.70327,100.0,100.0,0.0,0.0,46576897,48848840,2271943,2271943.0,0.0,0.0,0.0,-0.0,False
CHE,Switzerland,46.948,7.44821,100.0,100.0,0.0,0.0,7824909,9005582,1180673,1180673.0,0.0,0.0,0.0,-0.0,False
ISR,Israel,31.7717,35.2035,100.0,100.0,0.0,0.0,7623600,10002200,2378600,2378600.0,0.0,0.0,0.0,-0.0,False
CYP,Cyprus,35.1676,33.3736,100.0,100.0,0.0,0.0,1127816,1358282,230466,230466.0,0.0,0.0,0.0,-0.0,False
SAU,Saudi Arabia,24.6748,46.6977,100.0,100.0,0.0,0.0,23978487,35300280,11321793,11321793.0,0.0,0.0,0.0,-0.0,False
USA,United States,38.8895,-77.032,100.0,100.0,0.0,0.0,309378227,340003797,30625570,30625570.0,0.0,0.0,0.0,-0.0,False
AND,Andorra,42.5075,1.5218,100.0,100.0,0.0,0.0,80706,81938,1232,1232.0,0.0,0.0,0.0,-0.0,False
MAC,"Macao SAR, China",22.1667,113.55,100.0,100.0,0.0,0.0,537000,687000,150000,150000.0,0.0,0.0,0.0,-0.0,False
BHR,Bahrain,26.1921,50.5354,100.0,100.0,0.0,0.0,1228543,1588670,360127,360127.0,0.0,0.0,0.0,-0.0,False
MNP,Northern Mariana Islands,15.1935,145.765,100.0,100.0,0.0,0.0,54091,44278,-9813,-9813.0,0.0,0.0,-0.0,-0.0,False
GIB,Gibraltar,,,100.0,100.0,0.0,0.0,31248,39329,8081,8081.0,0.0,0.0,0.0,-0.0,False
GUM,Guam,13.4443,144.794,100.0,100.0,0.0,0.0,166522,167777,1255,1255.0,0.0,0.0,0.0,-0.0,False
BRN,Brunei Darussalam,4.94199,114.946,100.0,100.0,0.0,0.0,392332,462721,70389,70389.0,0.0,0.0,0.0,-0.0,False
GEO,Georgia,41.71,44.793,100.0,100.0,0.0,0.0,3786695,3812518,25823,25823.0,0.0,0.0,0.0,-0.0,False
ITA,Italy,41.8955,12.4823,100.0,100.0,0.0,0.0,59819407,58952704,-866703,-866703.0,0.0,0.0,-0.0,-0.0,False
QAT,Qatar,25.2948,51.5082,100.0,100.0,0.0,0.0,1616832,2857822,1240990,1240990.0,0.0,0.0,0.0,-0.0,False
DEU,Germany,52.5235,13.4115,100.0,100.0,0.0,0.0,81776930,83516593,1739663,1739663.0,0.0,0.0,0.0,-0.0,False
JOR,Jordan,31.9497,35.9263,100.0,100.0,0.0,0.0,7297043,11552876,4255833,4255833.0,0.0,0.0,0.0,-0.0,False
SWE,Sweden,59.3327,18.0645,100.0,100.0,0.0,0.0,9378126,10569709,1191583,1191583.0,0.0,0.0,0.0,-0.0,False
PYF,French Polynesia,-17.535,-149.57,100.0,100.0,0.0,0.0,270580,281807,11227,11227.0,0.0,0.0,0.0,-0.0,False
MCO,Monaco,43.7325,7.41891,100.0,100.0,0.0,0.0,33163,38631,5468,5468.0,0.0,0.0,0.0,-0.0,False
BRB,Barbados,13.0935,-59.6105,100.0,100.0,0.0,0.0,275243,282467,7224,7224.0,0.0,0.0,0.0,-0.0,False
NRU,Naoero,-0.5477,166.920867,99.2,100.0,80.34400000000007,0.0,10043,11947,1904,1984.344000000001,0.7999999999999972,-80.34400000000007,7.616000000000007,-87.9599999999997,False
KNA,St. Kitts and Nevis,17.3,-62.7309,99.8,100.0,93.69200000000008,0.0,46846,46843,-3,90.69200000000274,0.20000000000000284,-93.69200000000008,-0.0029999999999996696,-93.68900000000133,False
PLW,Palau,7.34194,134.479,98.8,100.0,220.7520000000002,0.0,18396,17695,-701,-480.2479999999996,1.2000000000000028,-220.7520000000002,-4.205999999999926,-216.5460000000005,False
TUV,Tuvalu,-8.6314877,179.089567,96.7,100.0,350.26199999999915,0.0,10614,9646,-968,-617.7380000000012,3.299999999999997,-350.26199999999915,-15.972000000000069,-334.28999999999974,False
VGB,British Virgin Islands,18.431389,-64.623056,98.3,100.0,470.4750000000004,0.0,27675,39471,11796,12266.475000000002,1.7000000000000028,-470.4750000000004,100.26599999999944,-570.741000000001,False
ATG,Antigua and Barbuda,17.1175,-61.8456,98.7,100.0,1109.160000000001,0.0,85320,93772,8452,9561.160000000003,1.2999999999999972,-1109.160000000001,54.93800000000052,-1164.0979999999975,False
SYC,Seychelles,-4.6309,55.4466,97.0,100.0,2693.100000000002,0.0,89770,121354,31584,34277.100000000006,3.0,-2693.100000000002,473.76000000000045,-3166.8599999999997,False
MDV,Maldives,4.1742,73.5109,99.0,100.0,3607.9200000000033,0.0,360792,527799,167007,170614.91999999998,1.0,-3607.9200000000033,835.0350000000008,-4442.955,False
PSE,West Bank and Gaza,,,99.9,100.0,3786.160999999583,0.0,3786161,5289152,1502991,1506777.1609999994,0.09999999999999432,-3786.160999999583,751.4954999999172,-4537.656499999743,False
LVA,Latvia,56.9465,24.1048,99.8,100.0,4195.110000000003,0.0,2097555,1866124,-231431,-227235.8899999999,0.20000000000000284,-4195.110000000003,-231.43099999997452,-3963.679000000056,False
MHL,Marshall Islands,7.11046,171.135,89.4,97.2,5516.663999999999,1051.344000000001,52044,37548,-14496,-10030.68,7.799999999999997,-4465.319999999998,-971.2319999999977,-3494.087999999999,False
MNE,Montenegro,42.4602,19.2595,99.2,100.0,4955.4240000000045,0.0,619428,623525,4097,9052.423999999999,0.7999999999999972,-4955.4240000000045,16.388000000000016,-4971.811999999983,False
DMA,Dominica,15.2976,-61.39,91.3,100.0,5990.733000000006,0.0,68859,66205,-2654,3336.7330000000075,8.700000000000003,-5990.733000000006,-115.44899999999996,-5875.2840000000015,False
ARM,Armenia,40.1596,44.509,99.8,100.0,6089.600000000006,0.0,3044800,3033500,-11300,-5210.399999999907,0.20000000000000284,-6089.600000000006,-11.299999999998755,-6078.300000000086,False
GRD,Grenada,12.0653,-61.7449,89.4,95.6,11828.115999999998,5157.108000000005,111586,117207,5621,12292.007999999987,6.199999999999989,-6671.007999999993,421.57499999999976,-7092.582999999987,False
ABW,Aruba,12.5167,-70.0167,93.4,100.0,6721.3079999999945,0.0,101838,107995,6157,12878.30799999999,6.599999999999994,-6721.3079999999945,203.1809999999995,-6924.488999999994,False
WSM,Samoa,-13.8314,-171.752,96.4,100.0,6948.827999999985,0.0,193023,218019,24996,31944.82799999998,3.5999999999999943,-6948.827999999985,449.9280000000004,-7398.755999999988,False
MUS,Mauritius,-20.1605,57.4977,99.4,100.0,7502.399999999868,0.0,1250400,1245779,-4621,2881.399999999907,0.5999999999999943,-7502.399999999868,-13.863000000000012,-7488.536999999928,False
TON,Tonga,-21.136,-175.216,92.8,100.0,7732.800000000007,0.0,107400,104175,-3225,4507.800000000003,7.200000000000003,-7732.800000000007,-116.09999999999974,-7616.700000000003,False
VCT,St. Vincent and the Grenadines,13.2035,-61.2653,92.7,100.0,8027.006999999995,0.0,109959,100616,-9343,-1315.9930000000022,7.299999999999997,-8027.006999999995,-341.01950000000085,-7685.9874999999965,False
AZE,Azerbaijan,40.3834,49.8932,99.9,100.0,9054.331999999004,0.0,9054332,10202830,1148498,1157552.3319999985,0.09999999999999432,-9054.331999999004,574.2489999999367,-9628.580999999453,False
LTU,Lithuania,54.6896,25.2799,99.7,100.0,9291.846000000009,0.0,3097282,2888278,-209004,-199712.1540000001,0.29999999999999716,-9291.846000000009,-313.5060000000119,-8978.339999999915,False
MKD,North Macedonia,42.0024,21.4361,99.5,100.0,9731.490000000009,0.0,1946298,1824359,-121939,-112207.51000000001,0.5,-9731.490000000009,-304.8474999999935,-9426.6425,False
LCA,St. Lucia,14.0,-60.9832,94.2,100.0,9912.54799999999,0.0,170906,179744,8838,18750.54799999998,5.799999999999997,-9912.54799999999,256.30200000000025,-10168.849999999995,False
ALB,Albania,41.3317,19.8172,99.6,100.0,11652.08400000001,0.0,2913021,2377128,-535893,-524240.9160000002,0.4000000000000057,-11652.08400000001,-1071.786000000001,-10580.29800000015,False
STP,Sao Tome and Principe,0.20618,6.6071,61.4,77.7,70175.572,52524.52799999999,181802,235536,53734,71385.04400000001,16.300000000000004,-17651.04400000001,16362.002999999999,-34013.047000000006,False
BIH,Bosnia and Herzegovina,43.8607,18.4214,99.5,100.0,19057.360000000015,0.0,3811472,3164253,-647219,-628161.6400000001,0.5,-19057.360000000015,-1618.0474999999656,-17439.3125,False
MDA,Moldova,47.0167,28.8497,99.3,100.0,20036.478000000017,0.0,2862354,2402306,-460048,-440011.5219999999,0.7000000000000028,-20036.478000000017,-1610.1679999999758,-18426.310000000074,False
VUT,Vanuatu,-17.7404,168.321,44.1,65.5,133180.63199999998,113083.06499999999,238248,327777,89529,109626.56699999998,21.4,-20097.566999999995,40467.10800000001,-60564.674999999996,False
SRB,Serbia,44.8024,20.4656,99.7,100.0,21874.30800000002,0.0,7291436,6586476,-704960,-683085.6919999998,0.29999999999999716,-21874.30800000002,-1057.44000000004,-20816.867999999802,False
URY,Uruguay,-34.8941,-56.0675,99.3,100.0,23230.06000000002,0.0,3318580,3386588,68008,91238.06000000006,0.7000000000000028,-23230.06000000002,238.02799999999644,-23468.088000000098,False
LBN,Lebanon,33.8872,35.5134,99.5,100.0,25206.440000000024,0.0,5041288,5805962,764674,789880.4400000004,0.5,-25206.440000000024,1911.6849999999592,-27118.125,False
FSM,"Micronesia, Fed. Sts.",6.91771,158.185,64.5,88.9,38176.7,12560.759999999998,107540,113160,5620,31235.940000000002,24.400000000000006,-25615.94,1309.4599999999998,-26925.400000000005,False
BLZ,Belize,17.2534,-88.7713,89.9,99.6,32344.74499999999,1668.2880000000014,320245,417072,96827,127503.457,9.699999999999989,-30676.45699999999,5083.4175,-35759.87449999996,False
FJI,Fiji,-18.1149,178.399,92.4,95.9,69191.84399999995,38080.14399999993,910419,928784,18365,49476.69999999995,3.5,-31111.700000000026,1074.3525,-32186.0525,False
DJI,Djibouti,11.5806,43.1425,57.9,69.2,391635.67100000003,359966.37599999993,930251,1168722,238471,270140.29500000016,11.300000000000004,-31669.2950000001,86922.67950000001,-118591.97450000004,False
CRI,Costa Rica,9.63701,-84.0089,99.0,99.8,45559.62000000004,10259.820000000009,4555962,5129910,573948,609247.7999999998,0.7999999999999972,-35299.80000000003,3443.687999999939,-38743.48799999987,False
KIR,Kiribati,1.32905,172.979,63.2,97.7,40003.072,3093.914000000003,108704,134518,25814,62723.15800000001,34.5,-36909.157999999996,5046.637000000001,-41955.795,False
SUR,Suriname,5.8232,-55.1679,91.2,99.0,48393.22399999998,6344.310000000006,549923,634431,84508,126556.91399999993,7.799999999999997,-42048.913999999975,4140.8920000000035,-46189.80599999998,False
TUN,Tunisia,36.7899,10.21,99.5,100.0,53829.900000000045,0.0,10765980,12277109,1511129,1564958.9000000004,0.5,-53829.900000000045,3777.8224999999193,-57607.7225,False
KGZ,Kyrgyz Republic,42.8851,74.6057,99.0,100.0,54670.59000000005,0.0,5467059,7221868,1754809,1809479.5899999999,1.0,-54670.59000000005,8774.045000000007,-63444.635,False
GAB,Gabon,0.38832,9.45162,89.3,95.1,184027.05299999999,124408.64800000012,1719879,2538952,819073,878691.405,5.799999999999997,-59618.40499999987,63887.694000000054,-123506.09899999993,False
GUY,Guyana,6.80461,-58.1548,83.3,93.0,125125.75200000002,58176.08999999996,749256,831087,81831,148780.662,9.700000000000003,-66949.66200000007,9696.973499999995,-76646.63550000002,False
TJK,Tajikistan,38.5878,68.7864,98.8,99.9,91825.69200000008,10590.926999998834,7652141,10590927,2938786,3020020.7650000006,1.1000000000000085,-81234.76500000125,19102.10900000018,-100336.87400000078,False
CPV,Cabo Verde,14.9218,-23.5087,81.1,98.4,96349.17600000004,8398.031999999948,509784,524877,15093,103044.14400000009,17.30000000000001,-87951.14400000009,1547.0325000000005,-89498.17650000006,False
ECU,Ecuador,-0.229498,-78.5243,97.5,98.5,376917.37500000035,272032.1700000002,15076695,18135478,3058783,3163668.204999998,1.0,-104885.20500000013,61175.660000000054,-166060.865,False
UZB,Uzbekistan,41.3052,69.269,99.6,100.0,113542.0240000001,0.0,28385506,36361859,7976353,8089895.024,0.4000000000000057,-113542.0240000001,15952.706000000015,-129494.73000000183,False
COM,Comoros,-11.6986,43.2418,69.7,91.7,198415.30799999996,71930.12399999997,654836,866628,211792,338277.184,22.0,-126485.184,40875.85599999999,-167361.04,False
DOM,Dominican Republic,18.479,-69.8908,98.1,99.5,186583.32500000016,57137.78500000005,9820175,11427557,1607382,1736827.539999999,1.4000000000000057,-129445.54000000011,19288.584000000017,-148734.12400000062,False
PRY,Paraguay,-25.3005,-57.6362,97.4,99.8,149187.2459999995,13858.306000000011,5737971,6929153,1191182,1326510.9399999995,2.3999999999999915,-135328.93999999948,16676.548000000013,-152005.48799999946,False
MYS,Malaysia,3.12433,101.684,99.5,100.0,143278.88000000012,0.0,28655776,35557673,6901897,7045175.879999999,0.5,-143278.88000000012,17254.742499999633,-160533.6225,False
PNG,Papua New Guinea,-9.47357,147.194,19.5,43.3,6144986.015,5996876.634,7633523,10576502,2942979,3091088.381,23.799999999999997,-148109.38100000005,2018883.5939999998,-2166992.9749999996,False
JAM,Jamaica,17.9927,-76.792,92.2,97.7,214388.3039999999,65301.02500000006,2748568,2839175,90607,239694.2790000001,5.5,-149087.27899999983,4575.653499999999,-153662.9325,False
GMB,"Gambia, The",13.4495,-16.5885,46.8,69.0,1024967.16,855596.2800000001,1926630,2759988,833358,1002728.8799999998,22.200000000000003,-169370.8799999999,350843.71800000005,-520214.59800000006,False
ERI,Eritrea,15.3315,38.9183,40.1,55.3,1764166.4139999999,1580414.5410000002,2945186,3535603,590417,774168.8729999997,15.199999999999996,-183751.87299999967,308788.09099999996,-492539.9639999999,False
BTN,Bhutan,27.5768,89.6177,73.3,100.0,187335.744,0.0,701632,791524,89892,277227.744,26.700000000000003,-187335.744,12000.581999999995,-199336.326,False
LBR,Liberia,6.30039,-10.7957,5.3,34.9,3843768.8299999996,3653943.867,4058890,5612817,1553927,1743751.9629999995,29.599999999999998,-189824.96299999952,1241587.673,-1431412.636,False
SLB,Solomon Islands,-9.42676,159.949,35.4,81.5,344297.32800000004,151551.63000000003,532968,819198,286230,478975.69800000003,46.1,-192745.698,118928.56499999999,-311674.26300000004,False
THA,Thailand,13.7308,100.521,99.7,100.0,205738.3410000002,0.0,68579447,71668011,3088564,3294302.3410000056,0.29999999999999716,-205738.3410000002,4632.846000000176,-210371.186999998,False
GNB,Guinea-Bissau,11.8037,-15.1804,6.0,43.7,1472366.18,1239361.176,1566347,2201352,635005,868010.004,37.7,-233005.00399999996,477206.25749999995,-710211.2615,False
CUB,Cuba,23.1333,-82.3667,97.8,100.0,248542.99800000023,0.0,11297409,10979783,-317626,-69083.00200000033,2.200000000000003,-248542.99800000023,-3493.8859999999677,-245049.11200000034,False
SLE,Sierra Leone,8.4821,-13.2134,11.5,39.2,5507101.89,5254349.376,6222714,8642022,2419308,2672060.5139999995,27.700000000000003,-252752.5139999995,1806013.4219999998,-2058765.9360000002,False
VEN,"Venezuela, RB",9.08165,-69.8371,99.1,100.0,259317.90900000022,0.0,28813101,28405543,-407558,-148240.09099999815,0.9000000000000057,-259317.90900000022,-1834.0110000000243,-257483.89800000162,False
PAN,Panama,8.99427,-79.5188,86.8,96.0,478966.62,180623.08000000016,3628535,4515577,887042,1185385.54,9.200000000000003,-298343.5399999998,76285.61199999996,-374629.1520000001,False
NIC,Nicaragua,12.1475,-86.2734,80.1,88.7,1141752.5500000003,781523.82,5737450,6916140,1178690,1538918.7300000004,8.600000000000009,-360228.73000000033,183875.6399999999,-544104.3700000006,False
DZA,Algeria,36.7397,3.05097,98.9,100.0,398070.59599999635,0.0,36188236,46814308,10626072,11024142.595999993,1.0999999999999943,-398070.59599999635,58443.39599999946,-456513.99199999764,False
SLV,El Salvador,13.7034,-89.2073,91.6,98.7,509732.91600000043,82396.50900000008,6068249,6338193,269944,697280.4070000006,7.1000000000000085,-427336.40700000036,13092.283999999996,-440428.6910000006,False
IRN,"Iran, Islamic Rep.",35.6878,51.4447,99.4,100.0,464525.0519999918,0.0,77420842,91567738,14146896,14611421.051999986,0.5999999999999943,-464525.0519999918,42440.68800000004,-506965.73999999516,False
SWZ,Eswatini,-26.5225,31.4659,45.6,89.3,604737.6000000001,132981.95399999997,1111650,1242822,131172,602927.6460000002,43.699999999999996,-471755.6460000001,42696.486000000004,-514452.1319999999,False
BWA,Botswana,-24.6544,25.9201,52.0,80.2,975893.2799999999,499185.5219999999,2033111,2521139,488028,964735.7579999999,28.200000000000003,-476707.75800000003,165441.49200000003,-642149.2500000001,False
BGR,Bulgaria,42.7105,23.3238,93.5,100.0,480713.9349999996,0.0,7395599,6441421,-954178,-473464.0650000004,6.5,-480713.9349999996,-31010.784999999974,-449703.15,False
IRQ,Iraq,33.3302,44.394,98.4,100.0,496725.855999997,0.0,31045366,46042015,14996649,15493374.855999999,1.5999999999999943,-496725.855999997,119973.19200000011,-616699.0479999979,False
BEN,Benin,6.4779,2.6323,34.2,59.0,6446744.471999999,5929716.840000001,9797484,14462724,4665240,5182267.631999999,24.799999999999997,-517027.63199999835,2491238.16,-3008265.7919999994,False
BLR,Belarus,53.9678,27.5766,94.4,100.0,531094.8159999994,0.0,9483836,9132629,-351207,179887.81599999964,5.599999999999994,-531094.8159999994,-9833.79600000001,-521261.0199999995,False
EGY,"Egypt, Arab Rep.",30.0982,31.2461,99.4,100.0,535176.4319999906,0.0,89196072,116538258,27342186,27877362.431999996,0.5999999999999943,-535176.4319999906,82026.55800000008,-617202.9899999942,False
MNG,Mongolia,47.9129,106.937,78.5,99.1,588803.7299999999,31723.09200000003,2738622,3524788,786166,1343246.6379999998,20.599999999999994,-557080.6379999998,88050.59199999999,-645131.2299999997,False
ROU,Romania,44.4479,26.0979,97.1,100.0,587159.2590000005,0.0,20246871,19051804,-1195067,-607907.7410000004,2.9000000000000057,-587159.2590000005,-17328.471500000083,-569830.7875000011,False
TLS,Timor-Leste,-8.56667,125.567,38.0,94.3,672500.98,79836.36600000007,1084679,1400638,315959,908623.6139999998,56.3,-592664.614,106952.12149999998,-699616.7355,False
GTM,Guatemala,14.6248,-90.5328,84.3,90.9,2276517.5840000003,1674978.6689999995,14500112,18406359,3906247,4507785.915000001,6.6000000000000085,-601538.9150000007,484374.62800000043,-1085913.5430000015,False
MEX,Mexico,19.427,-99.1276,99.2,99.8,908991.1600000008,261722.01400000023,113623895,130861007,17237112,17884381.145999998,0.5999999999999943,-647269.1460000006,86185.56000000007,-733454.705999993,False
GIN,Guinea,9.51667,-13.7,28.1,53.8,7474785.834,6816710.670000001,10396086,14754785,4358699,5016774.163999999,25.699999999999996,-658075.163999999,2573811.7595,-3231886.9234999996,False
CIV,Cote d'Ivoire,5.332,-4.0305,58.4,72.9,9355035.040000001,8654176.329999996,22488065,31934230,9446165,10147023.710000003,14.500000000000007,-700858.7100000046,3244757.6774999993,-3945616.387500002,False
HTI,Haiti,18.5392,-72.3288,37.2,53.9,6156468.631999999,5427148.777,9803294,11772557,1969263,2698582.8549999995,16.699999999999996,-729319.8549999995,1072263.7035,-1801583.5584999996,False
LSO,Lesotho,-29.5208,27.7167,17.0,60.6,1656888.3299999998,920944.662,1996251,2337423,341172,1077115.6679999998,43.6,-735943.6679999998,208797.26400000002,-944740.932,False
BOL,Bolivia,-13.9908,-66.1936,88.0,96.6,1221881.4,422052.71000000037,10182345,12413315,2230970,3030798.6899999995,8.599999999999994,-799828.6899999995,171784.69000000015,-971613.3799999993,False
COL,Colombia,4.60987,-74.082,96.8,98.9,1432874.2080000013,581749.9929999947,44777319,52886363,8109044,8960168.215000011,2.1000000000000085,-851124.2150000066,174344.4460000006,-1025468.6610000042,False
RUS,Russian Federation,55.7558,37.6176,99.3,100.0,999946.2760000009,0.0,142849468,143669648,820180,1820126.275999993,0.7000000000000028,-999946.2760000009,2870.629999999957,-1002816.9060000041,False
ZMB,Zambia,-15.3982,28.2937,22.0,53.6,10893163.32,9890139.583999999,13965594,21314956,7349362,8352385.736000001,31.6,-1003023.7360000014,4571303.164000001,-5574326.9,False
MDG,Madagascar,-20.4667,45.7167,12.3,42.5,19454789.18,18379849.7,22183340,31964956,9781616,10856555.48,30.2,-1074939.4800000004,7101453.216,-8176392.6959999995,False
HND,Honduras,15.1333,-87.4667,81.0,95.5,1589516.8199999996,487156.6350000004,8365878,10825703,2459825,3562185.1849999996,14.5,-1102360.1849999991,289029.4375000001,-1391389.6224999998,False
TGO,Togo,6.1228,1.2255,30.8,61.1,4377445.296,3270151.062,6325788,8406558,2080770,3188064.234,30.3,-1107294.2340000002,1124656.185,-2231950.4189999998,False
CMR,Cameroon,3.8721,11.5174,52.8,72.0,9283327.151999999,8154648.320000001,19668066,29123744,9455678,10584356.831999999,19.200000000000003,-1128678.8319999976,3555334.928,-4684013.760000001,False
MAR,Morocco,33.9905,-6.8704,95.7,100.0,1396081.6879999975,0.0,32467016,38081173,5614157,7010238.687999997,4.299999999999997,-1396081.6879999975,120704.37550000042,-1516786.063499999,False
LAO,Lao PDR,18.5826,102.177,70.2,96.5,1887589.8119999995,271943.66500000027,6334194,7769819,1435625,3051271.146999999,26.299999999999997,-1615646.1469999992,239031.56250000015,-1854677.7094999996,False
ZWE,Zimbabwe,-17.8312,31.0672,38.9,62.0,8160850.828,6321061.74,13356548,16634373,3277825,5117614.0879999995,23.1,-1839789.0879999995,1624162.2874999999,-3463951.3755,False
PER,Peru,-12.0931,-77.0465,88.1,96.5,3461236.261000003,1197624.680000001,29086019,34217848,5131829,7395440.581000004,8.400000000000006,-2263611.581000002,395150.83300000033,-2658762.4140000017,False
VNM,Viet Nam,21.0069,105.825,97.4,100.0,2273833.951999992,0.0,87455152,100987686,13532534,15806367.951999992,2.5999999999999943,-2273833.951999992,175922.94200000016,-2449756.8939999947,False
BRA,Brazil,-15.7801,-47.9292,98.6,99.8,2711827.0060000024,423997.14600000036,193701929,211998573,18296644,20584473.860000014,1.2000000000000028,-2287829.860000002,146373.15200000216,-2434203.0120000057,False
SEN,Senegal,14.7247,-17.4734,56.5,82.9,5496404.655,3163839.2639999986,12635413,18501984,5866571,8199136.391000002,26.400000000000006,-2332565.3910000017,1777571.0129999996,-4110136.404000001,False
ZAF,South Africa,-25.746,28.1871,82.8,90.2,9003176.772000002,6272704.3259999985,52344051,64007187,11663136,14393608.446000002,7.400000000000006,-2730472.4460000033,1574523.36,-4304995.806000003,False
LKA,Sri Lanka,6.92148,79.8528,85.3,100.0,3069226.0830000006,0.0,20879089,21916000,1036911,4106137.0830000006,14.700000000000003,-3069226.0830000006,76212.95849999989,-3145439.0415000003,False
CHN,China,40.0495,116.286,99.7,100.0,4013115.0000000037,0.0,1337705000,1408975000,71270000,75283115.0,0.29999999999999716,-4013115.0000000037,106905.00000000405,-4120019.999999961,False
YEM,"Yemen, Rep.",15.352,44.2075,60.8,86.3,10487719.704,5559893.468,26754387,40583164,13828777,18756603.235999998,25.5,-4927826.236,3657711.516500001,-8585537.7525,False
RWA,Rwanda,-1.95325,30.0587,9.7,72.0,9316750.359000001,3991838.7600000002,10317553,14256567,3939014,9263925.599000001,62.3,-5324911.599000001,2329926.7809999995,-7654838.38,False
TZA,Tanzania,-6.17486,35.7382,14.8,52.4,38134231.776,32634634.731999997,44758488,68560157,23801669,29301266.044000007,37.599999999999994,-5499597.0440000035,15804308.215999998,-21303905.259999998,False
SDN,Sudan,15.5932,32.5363,36.0,66.0,22665215.36,17152647.419999998,35414399,50448963,15034564,20547131.94,30.0,-5512567.940000001,7366936.359999999,-12879504.299999999,False
UGA,Uganda,0.314269,32.5729,12.1,55.3,28471514.958,22356746.124,32390802,50015092,17624290,23739058.834,43.199999999999996,-6114768.833999999,11684904.270000001,-17799673.104,False
GHA,Ghana,5.57045,-0.20795,64.2,91.9,9120048.209999999,2788620.5339999986,25474995,34427414,8952419,15283846.676,27.700000000000003,-6331427.676000001,1965055.9704999994,-8296483.646500001,False
PRK,"Korea, Dem. People's Rep.",39.0319,125.754,29.3,61.4,17665991.406000003,10228545.678,24987258,26498823,1511565,8949010.728000004,32.099999999999994,-7437445.728000004,826070.2725,-8263516.000499999,False
PHL,Philippines,14.5515,121.035,85.5,94.8,13968883.125000002,6023870.840000005,96337125,115843670,19506545,27451557.284999996,9.299999999999997,-7945012.284999996,1921394.6824999985,-9866406.967499997,False
NPL,Nepal,27.6939,85.3157,68.6,97.9,8585372.928000001,622672.1339999973,27341952,29651054,2309102,10271802.794000007,29.30000000000001,-7962700.7940000035,386774.58499999996,-8349475.3790000025,False
KHM,Cambodia,11.5556,104.874,31.1,99.2,9991000.214000002,141110.4080000001,14500726,17638801,3138075,12987964.806000002,68.1,-9849889.806000002,1093619.1374999997,-10943508.9435,False
ETH,Ethiopia,9.02274,38.7468,25.5,56.6,67451192.92999999,57313938.87799999,90538514,132059767,41521253,51658507.052,31.1,-10137254.052000001,24476778.6435,-34614032.6955,False
AFG,Afghanistan,34.5228,69.1761,42.7,87.8,16206782.997,5202994.024,28284089,42647492,14363403,25367191.972999997,45.099999999999994,-11003788.973,4991282.5425,-15995071.515499998,False
IDN,Indonesia,-6.19752,106.83,94.2,99.9,14285708.675999986,283487.9309999688,246305322,283487931,37182609,51184829.745000005,5.700000000000003,-14002220.745000018,1096886.9654999948,-15099107.710500007,False
MMR,Myanmar,21.914,95.9562,48.8,80.4,25100483.584,10682017.835999997,49024382,54500091,5475709,19894174.748000003,31.60000000000001,-14418465.748000002,1938400.9860000005,-16356866.734000003,False
PAK,Pakistan,30.5167,72.8,87.1,95.7,25701837.063,10804574.051999982,199239047,251269164,52030117,66927380.01100001,8.600000000000009,-14897263.011000019,4474590.061999998,-19371853.07300002,False
KEN,Kenya,-1.27975,36.8126,19.2,77.0,33611642.136,12979577.12,41598567,56432944,14834377,35466442.016,57.8,-20632065.016000003,7699041.662999999,-28331106.678999998,False
BGD,Bangladesh,23.7055,90.4113,55.3,99.5,68034285.50700001,867811.8200000008,152201981,173562364,21360383,88526856.68700002,44.2,-67166473.687,4827446.557999999,-71993920.245,False
IND,India,28.6353,77.225,76.3,99.9,294705130.668,1450935.7909998402,1243481564,1450935791,207454227,500708421.8770001,23.60000000000001,-293254194.87700015,24687053.013000023,-317941247.8900001,False
